8,1A,50.160559319160214,88.44955269568,273.37487735294
6,1A,46.3635318494223,85.91356679488,265.45696581822
5,1A,55.38209648966782,91.65915985138001,283.38849945846
10,1A,47.298603876825425,85.91356679488,265.45696581822
12,1A,60.130445568323374,94.40735846124001,291.95097407630004
4,1A,57.52080893037483,93.18075139186,288.13554806651996
3,1A,24.242197867226498,68.9735331978,212.86343599774
7,1A,30.2679967553417,74.15645438256,228.95109655594
14,1A,36.79247353414591,78.0872325288,241.14143989298003
1,1A,26.73610930579409,70.9063418965,218.87583590422
19,1A,56.651224205523924,92.97382198675999,287.49010443274
16,1A,52.61910704361106,90.4105390155,279.50350994654
20,1A,67.07761029932936,98.26240925072001,304.02684582754
23,1A,25.729264499712833,70.27410652262,216.90428297648003
22,1A,69.15282532294651,98.84269213566,305.9209102972
24,1A,65.16954151678632,96.99177464834,300.04851794566
18,1A,20.613020774068723,66.4419500503,204.9701798815
17,1A,80.14939214240297,101.82335611975999,315.35424951778
13,1A,82.1331461559783,102.7866785418,318.36221057233996
2,1A,91.86860553511558,102.92844719806001,318.84123013138
11,1A,82.84306625655117,102.5753463834,317.74318345836
15,1A,94.58220130333002,101.96952752932,315.87641605916
21,1A,84.82732133454859,101.93606660424001,315.7478556628
9,1A,93.55385447083869,102.63610437893999,317.95011286346
46,1A,34.4164873175397,76.7531982789,237.00461289230003
41,1A,36.204628513626815,76.7531982789,237.00461289230003
36,1A,44.27167767074826,83.3265089558,257.39992727922004
26,1A,54.35777922933494,91.07007145984001,281.5692817949
33,1A,59.562848899949714,93.83323943091999,290.1810672497
28,1A,33.19338673533406,75.4543860554,232.97697417346
27,1A,62.10569299094057,95.74579546444,296.12654530602
43,1A,39.33718880720981,79.3728364924,245.12505107882
45,1A,58.0706983892607,93.18075139186,288.13554806651996
29,1A,28.020000791328354,71.54562167566,220.85795543988
30,1A,22.592969722795385,67.72843456456,208.97580483384
48,1A,73.24169807993478,100.56504922661999,311.35654952138
40,1A,29.048323831633446,72.83122563926,224.84508882836002
31,1A,51.73605237623497,89.79679520548,277.57774565312
47,1A,22.145675066700694,67.0715437722,206.93468840396
37,1A,64.21641179053988,96.53652995712,298.6299508324
38,1A,70.62022660029666,99.27328140840001,307.26198895237997
34,1A,73.58714705889064,100.56504922661999,311.35654952138
32,1A,76.47092054410943,101.78285078940002,315.1799004871
39,1A,75.32869347485683,100.82657277263999,312.19219209772
25,1A,77.9155572780494,101.57063808034,314.5591122718
44,1A,86.63011610267051,102.89146407034,318.71355028568
35,1A,87.24527470644377,102.89146407034,318.71355028568
42,1A,98.03822394277893,102.55949647152,317.69387262140003
55,1A,37.99942188672783,78.70537909212001,243.0539959265
61,1A,40.65576358761396,80.67429036787999,249.16149530426
66,1A,43.06213655600514,82.66345430882,255.33063322822002
54,1A,72.18199150697774,100.56769087859999,311.31516364036
52,1A,48.52777270700692,86.54139941545999,267.42851874596
72,1A,44.67582643387345,83.3265089558,257.39992727922004
50,1A,34.615840024922576,76.7531982789,237.00461289230003
65,1A,41.79982463170221,82.0144884724,253.31857497012
60,1A,66.28196481426471,98.26240925072001,304.02684582754
70,1A,62.88588175025787,95.95712762284,296.78607775036
62,1A,32.04974407280192,74.7807648005,230.88654690662003
58,1A,68.53530562937132,98.26328980138001,304.07967886714
67,1A,49.4015738207389,87.20357351178001,269.49869334762
51,1A,24.96626068558905,68.9735331978,212.86343599774
71,1A,92.80552766113924,102.63610437893999,317.95011286346
69,1A,78.91653989498795,101.5010745782,314.35394396801996
53,1A,83.68745012170508,102.5753463834,317.74318345836
64,1A,76.68924395001409,101.78285078940002,315.1799004871
59,1A,88.133547294207,102.59647959924001,317.81538861248004
49,1A,90.16070599465891,102.25570649382,316.74199735794
63,1A,89.40064788168331,101.95631926941999,315.82182191824
56,1A,97.35951955445772,102.88530021572001,318.70386422842
68,1A,99.43271158727453,101.91493338840002,315.69150042056
57,1A,96.06965530003521,102.1923068463,316.5403512568
7,2A,30.2679967553417,69.9729581969,211.97407983114
6,2A,46.3635318494223,80.61265182168,244.56590140972
10,2A,47.298603876825425,80.61265182168,244.56590140972
1,2A,26.73610930579409,67.02047183392,202.93963005954
14,2A,36.79247353414591,73.55063552848,222.91756343362002
23,2A,25.729264499712833,66.44811390492,201.16972323294002
18,2A,20.613020774068723,62.94792503142,190.33454736164
3,2A,24.242197867226498,65.26377326722,197.52600460186
8,2A,50.160559319160214,82.93642501342,251.72301717419998
12,2A,60.130445568323374,88.13783776204001,268.04930696126
4,2A,57.52080893037483,87.09702688192,264.73843647966004
5,2A,55.38209648966782,85.74714272014,260.50827110902
20,2A,67.07761029932936,91.51210789116,278.6766728768
16,2A,52.61910704361106,84.68872082682,257.14808979046
24,2A,65.16954151678632,90.37179478646,275.12188986238
19,2A,56.651224205523924,86.92884170586001,264.18192846254
22,2A,69.15282532294651,92.02811057791999,280.3761356506
21,2A,84.82732133454859,94.92600279998,289.3137248496
13,2A,82.1331461559783,95.65597929712,291.60491766692
17,2A,80.14939214240297,94.75869817458,288.88137447554
11,2A,82.84306625655117,95.46930255720001,291.05105130178
2,2A,91.86860553511558,95.71497619134,291.91751315122
15,2A,94.58220130333002,94.86524480444,289.30139714036
9,2A,93.55385447083869,95.45081099334,291.10740654401997
43,2A,39.33718880720981,74.72881231155999,226.51549343038
31,2A,51.73605237623497,84.11988510046,255.39227177441998
41,2A,36.204628513626815,72.33371451636,219.20604240172
28,2A,33.19338673533406,71.17579039846,215.66975095116
30,2A,22.592969722795385,64.1216990612,193.97034103677998
46,2A,34.4164873175397,72.33371451636,219.20604240172
36,2A,44.27167767074826,78.28271477532,237.39117463204002
29,2A,28.020000791328354,67.62364903602,204.7808614896
40,2A,29.048323831633446,68.77981205260001,208.32331679478
26,2A,54.35777922933494,85.27516756637999,258.97963516326
47,2A,22.145675066700694,63.520282960420005,192.11766244814
37,2A,64.21641179053988,90.00900791454,273.93402702204
27,2A,62.10569299094057,89.32482005172,271.74145587864
33,2A,59.562848899949714,87.6808319695,266.56734020048003
45,2A,58.0706983892607,87.09702688192,264.73843647966004
34,2A,73.58714705889064,93.5408966118,285.20507547004
38,2A,70.62022660029666,92.3961807538,281.5780873015
48,2A,73.24169807993478,93.5408966118,285.20507547004
39,2A,75.32869347485683,93.79977850584,285.98436280414
32,2A,76.47092054410943,94.67680696320001,288.66123681054
25,2A,77.9155572780494,94.47780251404001,288.07567062164003
35,2A,87.24527470644377,95.73082610322001,291.88317167548
42,2A,98.03822394277893,95.3460254648,290.83531639008004
44,2A,86.63011610267051,95.73082610322001,291.88317167548
66,2A,43.06213655600514,77.67865702256,235.53057108746
55,2A,37.99942188672783,74.12563510945999,224.67426200032
50,2A,34.615840024922576,72.33371451636,219.20604240172
52,2A,48.52777270700692,81.19821801058,246.37455246536
72,2A,44.67582643387345,78.28271477532,237.39117463204002
61,2A,40.65576358761396,75.89642248672,230.08524580602
67,2A,49.4015738207389,81.78290364882,248.19817288222
62,2A,32.04974407280192,70.56997154438,213.80386410262003
65,2A,41.79982463170221,77.10189634026,233.7729919701
51,2A,24.96626068558905,65.26377326722,197.52600460186
70,2A,62.88588175025787,89.4903635758,272.29180004114
60,2A,66.28196481426471,91.51210789116,278.6766728768
58,2A,68.53530562937132,91.5068245872,278.72422261244003
54,2A,72.18199150697774,93.55146321972,285.1751367476
64,2A,76.68924395001409,94.67680696320001,288.66123681054
49,2A,90.16070599465891,95.11003788791999,290.02961253618
53,2A,83.68745012170508,95.46930255720001,291.05105130178
69,2A,78.91653989498795,94.49453297658,288.00346546751996
71,2A,92.80552766113924,95.45081099334,291.10740654401997
63,2A,89.40064788168331,94.87581141236001,289.2520863034
56,2A,97.35951955445772,95.63132387864,291.73259751262003
68,2A,99.43271158727453,94.75957872524,289.04251524632
57,2A,96.06965530003521,95.03695218314,289.85878570814
59,2A,88.133547294207,95.46666090522001,291.07218451762003
14,2B,36.79247353414591,77.12831286005999,237.09002630632
4,2B,57.52080893037483,89.49740798108,275.4142326815
8,2B,50.160559319160214,85.61946287444,263.28112513736
5,2B,55.38209648966782,88.24790659454001,271.49314059252
16,2B,52.61910704361106,87.21061791705999,268.24038645448
6,2B,46.3635318494223,83.55457157674,256.87688018718
19,2B,56.651224205523924,89.31953674776,274.8462775058
10,2B,47.298603876825425,83.55457157674,256.87688018718
24,2B,65.16954151678632,92.62688502672,285.27111676954
12,2B,60.130445568323374,90.53557720922001,278.67403122482
7,2B,30.2679967553417,73.94512222416,227.34585270276003
1,2B,26.73610930579409,71.33076731462,219.35749711524
18,2B,20.613020774068723,67.64390170120001,207.98078258804
3,2B,24.242197867226498,69.73168731606,214.44050222980002
20,2B,67.07761029932936,93.65889040024001,288.50890154636
22,2B,69.15282532294651,94.1088517875,290.00407656704
23,2B,25.729264499712833,70.81300352654,217.75313381272002
17,2B,80.14939214240297,96.56294647691999,297.73795301382
11,2B,82.84306625655117,97.1731680843,299.65403124998
13,2B,82.1331461559783,97.37041143214,300.22991138162
21,2B,84.82732133454859,96.62018226982,297.91582424714
9,2B,93.55385447083869,97.04812989058001,299.32910805644
15,2B,94.58220130333002,96.50218848138,297.6349285866
2,2B,91.86860553511558,97.31229508858002,300.13393135968
36,2B,44.27167767074826,81.40074466237999,250.20318673504002
46,2B,34.4164873175397,76.04259389628001,233.77739472340002
28,2B,33.19338673533406,74.99914136418,230.57395142232
26,2B,54.35777922933494,87.74511216768,269.92047711376
37,2B,64.21641179053988,92.24736769226,284.06916511864
27,2B,62.10569299094057,91.6124906664,282.040376398
31,2B,51.73605237623497,86.70254018624,266.65979801978
33,2B,59.562848899949714,90.03718553566,277.11281490464
45,2B,58.0706983892607,89.49740798108,275.4142326815
43,2B,39.33718880720981,78.19994301328,240.37095806548
29,2B,28.020000791328354,71.85645605863999,220.95833821512002
34,2B,73.58714705889064,95.51509119152,294.48343777446
48,2B,73.24169807993478,95.51509119152,294.48343777446
40,2B,29.048323831633446,72.87173096962,224.07460700086
41,2B,36.204628513626815,76.04259389628001,233.77739472340002
30,2B,22.592969722795385,68.68911533462,211.20183690232
38,2B,70.62022660029666,94.47692196338001,291.17080619154
47,2B,22.145675066700694,68.14493502674,209.53935725623998
25,2B,77.9155572780494,96.32167559608001,297.02470697922
39,2B,75.32869347485683,95.73170665388001,295.1561784787
32,2B,76.47092054410943,96.51803839326,297.59618435756
42,2B,98.03822394277893,96.92133059554001,298.94342686736
35,2B,87.24527470644377,97.37569473609999,300.28890827583996
44,2B,86.63011610267051,97.37569473609999,300.28890827583996
72,2B,44.67582643387345,81.40074466237999,250.20318673504002
55,2B,37.99942188672783,77.64519609748,238.67413694366002
65,2B,41.79982463170221,80.33439781312,246.91961332390002
67,2B,49.4015738207389,84.59978521016001,260.14196203446
66,2B,43.06213655600514,80.84951994922,248.49932120794003
58,2B,68.53530562937132,93.63951828572,288.5036182424
52,2B,48.52777270700692,84.06000765558,258.45218531792
61,2B,40.65576358761396,79.23723169076,243.5559098027
70,2B,62.88588175025787,91.78948134906001,282.60392882040003
50,2B,34.615840024922576,76.04259389628001,233.77739472340002
62,2B,32.04974407280192,74.45231940432,228.90002461766002
51,2B,24.96626068558905,69.73168731606,214.44050222980002
60,2B,66.28196481426471,93.65889040024001,288.50890154636
54,2B,72.18199150697774,95.51685229284,294.43148528552
57,2B,96.06965530003521,96.67565696140001,298.1632589826
53,2B,83.68745012170508,97.1731680843,299.65403124998
64,2B,76.68924395001409,96.51803839326,297.59618435756
69,2B,78.91653989498795,96.29085632298,296.87589391768
59,2B,88.133547294207,97.11064898744,299.4840849726
63,2B,89.40064788168331,96.54621601438001,297.72562530458003
71,2B,92.80552766113924,97.04812989058001,299.32910805644
49,2B,90.16070599465891,96.77956193928,298.46616840964
68,2B,99.43271158727453,96.37450863568,297.25276960016004
56,2B,97.35951955445772,97.21279286400001,299.8495134965
14,3A,36.79247353414591,68.74987333016,199.89468587726
8,3A,50.160559319160214,77.14592387326,225.43857997319998
3,3A,24.242197867226498,61.41048357906,177.47234387102
18,3A,20.613020774068723,59.3359062241,171.04608515434
6,3A,46.3635318494223,75.06782431566,219.09509301856
23,3A,25.729264499712833,62.45569721248,180.71277029982
16,3A,52.61910704361106,78.70185688948,230.21908950634
7,3A,30.2679967553417,65.60014361934,190.31429469646
10,3A,47.298603876825425,75.06782431566,219.09509301856
1,3A,26.73610930579409,62.97522210188,182.31537250102
19,3A,56.651224205523924,80.64875439874,236.383824677
5,3A,55.38209648966782,79.60089911334,233.15308430546
4,3A,57.52080893037483,80.79140360566,236.89190240782
12,3A,60.130445568323374,81.6974902348,239.85671648004
20,3A,67.07761029932936,84.63940998986,249.15445089898003
24,3A,65.16954151678632,83.63117948416,246.0346599106
22,3A,69.15282532294651,85.07704366787999,250.60031508269998
17,3A,80.14939214240297,87.5575548771,258.15191754286
11,3A,82.84306625655117,88.2179678721,260.07415963364
13,3A,82.1331461559783,88.38879470014,260.5945650737
9,3A,93.55385447083869,88.13079335676001,259.96849355444004
15,3A,94.58220130333002,87.60246296076001,258.3755774105
21,3A,84.82732133454859,87.7380677624,258.50854056016004
2,3A,91.86860553511558,88.35533377506,260.69054509564
43,3A,39.33718880720981,69.8056535715,203.10165138098003
41,3A,36.204628513626815,67.68704868354,196.67363156298003
31,3A,51.73605237623497,78.18321255074,228.634978869
30,3A,22.592969722795385,60.37671710422,174.26890056994
29,3A,28.020000791328354,63.50531359920001,183.92678020882
28,3A,33.19338673533406,66.64183505012001,193.49308257906
45,3A,58.0706983892607,80.79140360566,236.89190240782
47,3A,22.145675066700694,59.84750615756,172.64164295026
36,3A,44.27167767074826,72.98179980212001,212.72078679082
46,3A,34.4164873175397,67.68704868354,196.67363156298003
40,3A,29.048323831633446,64.54172172602,187.08883762888
33,3A,59.562848899949714,81.30388408978,238.4927435077
26,3A,54.35777922933494,79.22138177888,231.83049721414
27,3A,62.10569299094057,82.74182331756,243.07512914234
37,3A,64.21641179053988,83.33267281042001,244.98944627718
48,3A,73.24169807993478,86.38554194864,254.8401665106
38,3A,70.62022660029666,85.37995309492,251.65609532404
34,3A,73.58714705889064,86.38554194864,254.8401665106
39,3A,75.32869347485683,86.63914053872,255.54372648794
25,3A,77.9155572780494,87.27842031787999,257.42634379902
32,3A,76.47092054410943,87.4518887979,257.95203254304
35,3A,87.24527470644377,88.41961397324,260.75922804712
44,3A,86.63011610267051,88.41961397324,260.75922804712
42,3A,98.03822394277893,88.00399406172,259.66206192476
51,3A,24.96626068558905,61.41048357906,177.47234387102
61,3A,40.65576358761396,70.8623143635,206.28396146622
55,3A,37.99942188672783,69.27820372616,201.49552697714
66,3A,43.06213655600514,72.45434995678,211.10585688038
72,3A,44.67582643387345,72.98179980212001,212.72078679082
50,3A,34.615840024922576,67.68704868354,196.67363156298003
62,3A,32.04974407280192,66.12231016071999,191.89576368182
67,3A,49.4015738207389,76.0971880372,222.27652255314
52,3A,48.52777270700692,75.57414094516,220.64574273082
65,3A,41.79982463170221,71.92337790879999,209.50413522984
60,3A,66.28196481426471,84.63940998986,249.15445089898003
70,3A,62.88588175025787,82.8774281192,243.56471530930003
58,3A,68.53530562937132,84.620918426,249.17470356416
54,3A,72.18199150697774,86.3952280059,254.79966118023998
69,3A,78.91653989498795,87.35855042794,257.42194104572
64,3A,76.68924395001409,87.4518887979,257.95203254304
53,3A,83.68745012170508,88.2179678721,260.07415963364
63,3A,89.40064788168331,87.65089324706,258.3931884237
49,3A,90.16070599465891,87.82348117642,259.03246820286
68,3A,99.43271158727453,87.46685815912001,258.05593752092
71,3A,92.80552766113924,88.13079335676001,259.96849355444004
56,3A,97.35951955445772,88.25230934784,260.47833238658
57,3A,96.06965530003521,87.72397895184,258.81761384182
59,3A,88.133547294207,88.18979025098,260.02572934733996
14,3B,36.79247353414591,66.42521958776,199.78021429146
8,3B,50.160559319160214,74.66365156271999,224.76319761698002
1,3B,26.73610930579409,60.7007597471,182.5777765977
7,3B,30.2679967553417,63.305428599379994,190.38473874926
6,3B,46.3635318494223,72.63838504472,218.57556812916002
3,3B,24.242197867226498,59.1774071053,177.93903572082
10,3B,47.298603876825425,72.63838504472,218.57556812916002
5,3B,55.38209648966782,77.15472937986,232.42046615633998
23,3B,25.729264499712833,60.19708476958,181.02712688544003
18,3B,20.613020774068723,57.15918499258,171.72322861188002
4,3B,57.52080893037483,78.29768413654,235.9831741267
16,3B,52.61910704361106,76.19580971112,229.40634124716001
19,3B,56.651224205523924,78.15151272698,235.49534906105998
12,3B,60.130445568323374,79.22402343086,238.92069112846
24,3B,65.16954151678632,81.15771268022,244.97976021992
20,3B,67.07761029932936,82.1333628115,247.97715466655998
22,3B,69.15282532294651,82.53137170982,249.30414451118
11,3B,82.84306625655117,85.35793932842,257.98989622142
13,3B,82.1331461559783,85.55606322692,258.57105965702
17,3B,80.14939214240297,84.79438690602001,256.28074739036003
21,3B,84.82732133454859,84.8762781174,256.47446853556
15,3B,94.58220130333002,84.71689844794001,256.3062833595
9,3B,93.55385447083869,85.22937893206,257.82611379866
2,3B,91.86860553511558,85.48649972478,258.60628168342
36,3B,44.27167767074826,70.59550751352,212.35447771626002
43,3B,39.33718880720981,67.4765970758,202.93698840756
41,3B,36.204628513626815,65.35799218784,196.62167907404
46,3B,34.4164873175397,65.35799218784,196.62167907404
47,3B,22.145675066700694,57.65317391284,173.26507281754002
28,3B,33.19338673533406,64.33391177026,193.50188808566003
40,3B,29.048323831633446,62.254931662000004,187.26318665955998
30,3B,22.592969722795385,58.17005715026,174.81660308046
45,3B,58.0706983892607,78.29768413654,235.9831741267
31,3B,51.73605237623497,75.69301528426,227.87154144678
29,3B,28.020000791328354,61.223806839139996,184.12050135401998
33,3B,59.562848899949714,78.79431470878,237.52589888301998
26,3B,54.35777922933494,76.70829019524,230.97636307394
37,3B,64.21641179053988,80.81605902414,243.86938583766002
27,3B,62.10569299094057,80.23841779118,242.02463220496
34,3B,73.58714705889064,83.81697567342,253.39342177622
48,3B,73.24169807993478,83.81697567342,253.39342177622
38,3B,70.62022660029666,82.86510040996,250.39690788023998
39,3B,75.32869347485683,84.01245791994,253.96577970522
25,3B,77.9155572780494,84.56720483574,255.64763146582
32,3B,76.47092054410943,84.76973148754,256.23231710406
35,3B,87.24527470644377,85.56398818286,258.68729234414
44,3B,86.63011610267051,85.56398818286,258.68729234414
42,3B,98.03822394277893,85.08232697184,257.49590730116
61,3B,40.65576358761396,68.50772189866,206.06998765583998
65,3B,41.79982463170221,69.55997993736,209.21619516401998
51,3B,24.96626068558905,59.1774071053,177.93903572082
55,3B,37.99942188672783,66.94034172386,201.35023611824
72,3B,44.67582643387345,70.59550751352,212.35447771626002
66,3B,43.06213655600514,70.07334097214,210.76684487628
50,3B,34.615840024922576,65.35799218784,196.62167907404
52,3B,48.52777270700692,73.13941837026,220.11829288548003
67,3B,49.4015738207389,73.63957114514,221.6566148885
62,3B,32.04974407280192,63.82143128614,191.95476057604
70,3B,62.88588175025787,80.38811140338,242.5256655305
54,3B,72.18199150697774,83.84427274388,253.41455499206
58,3B,68.53530562937132,82.10606574104001,247.96218530533997
60,3B,66.28196481426471,82.1333628115,247.97715466655998
69,3B,78.91653989498795,84.56720483574,255.52259327209998
64,3B,76.68924395001409,84.76973148754,256.23231710406
68,3B,99.43271158727453,84.56632428508,255.96198805144002
59,3B,88.133547294207,85.30070353552,257.8912745475
53,3B,83.68745012170508,85.35793932842,257.98989622142
56,3B,97.35951955445772,85.35881987908,258.35620529598003
71,3B,92.80552766113924,85.22937893206,257.82611379866
63,3B,89.40064788168331,84.77853699414,256.33622208194004
49,3B,90.16070599465891,84.9775414433,257.0063211342
57,3B,96.06965530003521,84.85250324958,256.74743924016
7,3C,30.2679967553417,48.86087557274,146.743767489
23,3C,25.729264499712833,46.1540628439,138.60043498532
18,3C,20.613020774068723,43.51593306654,130.50553276794
1,3C,26.73610930579409,46.585532667299994,139.9150971207
3,3C,24.242197867226498,45.234767954860004,135.80116443718
14,3C,36.79247353414591,51.578254909500004,154.88357779004
10,3C,47.298603876825425,56.90822805448,170.9853271588
16,3C,52.61910704361106,59.90033919716,180.19236485976
6,3C,46.3635318494223,56.90822805448,170.9853271588
8,3C,50.160559319160214,58.617376885540004,176.22284248448
19,3C,56.651224205523924,61.549610583340005,185.43164128676003
4,3C,57.52080893037483,61.679932081020006,185.87896102204002
5,3C,55.38209648966782,60.696356993799995,182.75564783101999
12,3C,60.130445568323374,62.4662638204,188.42111077746
20,3C,67.07761029932936,64.90715024992001,196.22102852374
24,3C,65.16954151678632,64.08911868678001,193.63837343795998
22,3C,69.15282532294651,65.248803906,197.39832475616
13,3C,82.1331461559783,67.70113749410001,205.1859147932
17,3C,80.14939214240297,67.07770762682,203.28216426628
11,3C,82.84306625655117,67.53735507134,204.71305908878
15,3C,94.58220130333002,67.01166632732,203.2002730549
2,3C,91.86860553511558,67.65622941044,205.18327314122
21,3C,84.82732133454859,67.11909350784,203.37021933228
9,3C,93.55385447083869,67.44049449874,204.53254620348002
47,3C,22.145675066700694,43.932433528720004,131.79730058616
46,3C,34.4164873175397,50.63166295,152.07814338728
28,3C,33.19338673533406,49.75903724594,149.44969966718
30,3C,22.592969722795385,44.39208097324,133.19561503424
41,3C,36.204628513626815,50.63166295,152.07814338728
43,3C,39.33718880720981,52.478177684020004,157.57718225898
40,3C,29.048323831633446,47.92485022116,143.94537749152
29,3C,28.020000791328354,47.05574671974,141.32221707538
31,3C,51.73605237623497,59.48471928564,178.9146858521
36,3C,44.27167767074826,55.16914050098,165.66592062174
26,3C,54.35777922933494,60.32916736858,181.54048792022002
27,3C,62.10569299094057,63.3159952073,191.09094037858
45,3C,58.0706983892607,61.679932081020006,185.87896102204002
33,3C,59.562848899949714,62.1008352965,187.2138758226
37,3C,64.21641179053988,63.801178620959995,192.6864981745
34,3C,73.58714705889064,66.34156727506,200.96455492916002
38,3C,70.62022660029666,65.53322176918,198.34227506368
48,3C,73.24169807993478,66.34156727506,200.96455492916002
39,3C,75.32869347485683,66.47012767142,201.38809979662003
25,3C,77.9155572780494,66.9130446534,202.80138360592
32,3C,76.47092054410943,67.07770762682,203.275119861
35,3C,87.24527470644377,67.71082355136001,205.27925316316004
42,3C,98.03822394277893,67.31105355172,204.18560924344
44,3C,86.63011610267051,67.71082355136001,205.27925316316004
55,3C,37.99942188672783,52.00796363158,156.18150946288
72,3C,44.67582643387345,55.16914050098,165.66592062174
51,3C,24.96626068558905,45.234767954860004,135.80116443718
62,3C,32.04974407280192,49.29498704812001,148.05402687108
66,3C,43.06213655600514,54.70773195514,164.27377002827998
50,3C,34.615840024922576,50.63166295,152.07814338728
61,3C,40.65576358761396,53.34287843214,160.18889551654001
67,3C,49.4015738207389,57.76588439732,173.63930684804
65,3C,41.79982463170221,54.27450103042,162.96879395016
52,3C,48.52777270700692,57.328250719299994,172.27445332504
70,3C,62.88588175025787,63.44543615432,191.53385736055998
54,3C,72.18199150697774,66.35213388298,200.92845235209998
58,3C,68.53530562937132,64.89218088870001,196.2439228409
60,3C,66.28196481426471,64.90715024992001,196.22102852374
64,3C,76.68924395001409,67.07770762682,203.275119861
68,3C,99.43271158727453,66.87958372832,202.8568582975
53,3C,83.68745012170508,67.53735507134,204.71305908878
69,3C,78.91653989498795,66.8734198737,202.59445420082
63,3C,89.40064788168331,67.0671410189,203.27776151298002
59,3C,88.133547294207,67.49068588636,204.61355686419998
56,3C,97.35951955445772,67.5470411286,204.91998849388
71,3C,92.80552766113924,67.44049449874,204.53254620348002
49,3C,90.16070599465891,67.23356509364,203.8518805433
57,3C,96.06965530003521,67.1287795651,203.58507369332
19,4A,56.651224205523924,84.55575767716,228.76441981602
14,4A,36.79247353414591,73.72850676179999,196.04227673976
16,4A,52.61910704361106,82.8245950796,223.18348973294002
6,4A,46.3635318494223,79.50579964206,213.2297450723
5,4A,55.38209648966782,83.60212131237999,225.86740814462001
1,4A,26.73610930579409,68.4319945419,180.20645367032
10,4A,47.298603876825425,79.50579964206,213.2297450723
12,4A,60.130445568323374,85.41693622264,231.84810822734
20,4A,67.07761029932936,88.05330489868,240.22918940922
8,4A,50.160559319160214,81.4113112703,218.91281903194002
18,4A,20.613020774068723,65.18540425848,170.22100918592
4,4A,57.52080893037483,84.66054320570001,229.21526175394
23,4A,25.729264499712833,67.97763040134001,178.8266307861
3,4A,24.242197867226498,67.04424670174,175.91993305744
7,4A,30.2679967553417,70.84910610360001,187.43577458892
22,4A,69.15282532294651,88.46188040492,241.56498476044
24,4A,65.16954151678632,87.11639899644,237.39998013864
17,4A,80.14939214240297,90.80678681250001,248.38749127412
2,4A,91.86860553511558,91.4671998075,250.47791854096
13,4A,82.1331461559783,91.59664075452001,250.57918186686
15,4A,94.58220130333002,90.77332588741999,248.34082208914
11,4A,82.84306625655117,91.45751375024001,250.11337056772
21,4A,84.82732133454859,91.0181189709,248.64901482014
9,4A,93.55385447083869,91.28140361824,249.8210277486
31,4A,51.73605237623497,82.36142543244,221.80014464608
48,4A,73.24169807993478,89.61716287084,245.38657462484
33,4A,59.562848899949714,85.12899615682,230.66288703898002
43,4A,39.33718880720981,74.69182918384,198.91111079004
36,4A,44.27167767074826,77.59324360854,207.51849349154
46,4A,34.4164873175397,72.733484516,193.09067092744002
45,4A,58.0706983892607,84.66054320570001,229.21526175394
41,4A,36.204628513626815,72.733484516,193.09067092744002
47,4A,22.145675066700694,65.64769335497999,171.63429299522002
28,4A,33.19338673533406,71.79481751244,190.28787817666003
26,4A,54.35777922933494,83.30625629062,224.65400933514
29,4A,28.020000791328354,68.93919172206,181.69810648836
40,4A,29.048323831633446,69.87961982694,184.50530199244002
38,4A,70.62022660029666,88.68730137387999,242.50012956136
27,4A,62.10569299094057,86.36969203676,234.74864210138
30,4A,22.592969722795385,66.12407126204,173.10040984412
37,4A,64.21641179053988,86.88657527418,236.46131313508002
34,4A,73.58714705889064,89.61716287084,245.38657462484
32,4A,76.47092054410943,90.65092934568,248.17351746373998
39,4A,75.32869347485683,89.87252256224,246.00472118816003
35,4A,87.24527470644377,91.58431304528,250.63201490646
44,4A,86.63011610267051,91.58431304528,250.63201490646
25,4A,77.9155572780494,90.50475793612,247.70066175932
42,4A,98.03822394277893,91.09824908096,249.43270490754
67,4A,49.4015738207389,80.44974994958,216.08625141334
62,4A,32.04974407280192,71.32812566263999,188.85258060086
65,4A,41.79982463170221,76.6299211865,204.6531816439
52,4A,48.52777270700692,79.97513314384,214.63246227368
72,4A,44.67582643387345,77.59324360854,207.51849349154
50,4A,34.615840024922576,72.733484516,193.09067092744002
70,4A,62.88588175025787,86.47183591332,235.18979798204
55,4A,37.99942188672783,74.19431806094,197.43618843454001
66,4A,43.06213655600514,77.10629909356,206.05501829462003
51,4A,24.96626068558905,67.04424670174,175.91993305744
61,4A,40.65576358761396,75.63577949136,201.71566464214
54,4A,72.18199150697774,89.62596837744,245.33814433854002
60,4A,66.28196481426471,88.05330489868,240.22918940922
58,4A,68.53530562937132,88.04449939208,240.28290299948003
64,4A,76.68924395001409,90.65092934568,248.17351746373998
69,4A,78.91653989498795,90.6482876937,247.70506451262003
53,4A,83.68745012170508,91.45751375024001,250.11337056772
59,4A,88.133547294207,91.39323355206001,249.9663186075
49,4A,90.16070599465891,90.9872996978,248.9933101282
57,4A,96.06965530003521,90.84376994022001,248.70448951172
71,4A,92.80552766113924,91.28140361824,249.8210277486
68,4A,99.43271158727453,90.58841024882,247.96042420401997
63,4A,89.40064788168331,90.86930590936001,248.43504100976003
56,4A,97.35951955445772,91.30782013804,250.18381462052
8,4B,50.160559319160214,71.0120079757,208.67993981208002
7,4B,30.2679967553417,60.478860980780006,177.01093532518001
19,4B,56.651224205523924,74.27092596836,218.65129548592
4,4B,57.52080893037483,74.41445572594,219.14000110222
23,4B,25.729264499712833,57.573924353440006,168.31109480438002
3,4B,24.242197867226498,56.64406285648,165.47572167918
18,4B,20.613020774068723,54.816039686319996,159.7847227636
1,4B,26.73610930579409,58.048541159180004,169.7349452216
5,4B,55.38209648966782,73.31376740094001,215.76749207442
6,4B,46.3635318494223,69.1496433298,202.9757326366
10,4B,47.298603876825425,69.1496433298,202.9757326366
14,4B,36.79247353414591,63.33008401786,185.61303472272002
24,4B,65.16954151678632,76.93987501882,227.38371638114
16,4B,52.61910704361106,72.41560572774,212.94620775978
20,4B,67.07761029932936,77.78872585506,230.10902067383998
12,4B,60.130445568323374,75.23689004238,221.85121658436
22,4B,69.15282532294651,78.1840931014,231.37701362424
21,4B,84.82732133454859,80.38635030206,237.99699348612
13,4B,82.1331461559783,80.9930497068,239.95974090726003
11,4B,82.84306625655117,80.76586763652,239.37681637033998
15,4B,94.58220130333002,80.13627391462,237.660623134
17,4B,80.14939214240297,80.26043155768001,237.8323305127
2,4B,91.86860553511558,80.85744490516,239.84262766948
9,4B,93.55385447083869,80.61793512564,239.10648731772002
41,4B,36.204628513626815,62.391417014299996,182.75917003366
28,4B,33.19338673533406,61.41136412972,179.83838349444
36,4B,44.27167767074826,67.25381775882,197.26271995451998
30,4B,22.592969722795385,55.719484663479996,162.59984322361998
43,4B,39.33718880720981,64.32158406102,188.54702952184
40,4B,29.048323831633446,59.50849415346,174.11920695774
26,4B,54.35777922933494,72.89990859074,214.40351910208003
46,4B,34.4164873175397,62.391417014299996,182.75917003366
37,4B,64.21641179053988,76.64753219970001,226.37284422346
33,4B,59.562848899949714,74.84240334670001,220.54447940492
45,4B,58.0706983892607,74.41445572594,219.14000110222
29,4B,28.020000791328354,58.51171080634,171.15615398684
47,4B,22.145675066700694,55.240465104440005,161.16806785046
27,4B,62.10569299094057,76.1500210768,224.70772292540002
31,4B,51.73605237623497,71.98677755631999,211.57519038216003
34,4B,73.58714705889064,79.37900034702001,235.22590055909998
48,4B,73.24169807993478,79.37900034702001,235.22590055909998
38,4B,70.62022660029666,78.50725519362001,232.43367441624
25,4B,77.9155572780494,80.08432142568,237.29607516076
39,4B,75.32869347485683,79.52517175658001,235.71372562474
32,4B,76.47092054410943,80.24282054448,237.81648060082
44,4B,86.63011610267051,80.94197776852,239.97030751518
42,4B,98.03822394277893,80.48409142532,238.7569087057
35,4B,87.24527470644377,80.94197776852,239.97030751518
50,4B,34.615840024922576,62.391417014299996,182.75917003366
61,4B,40.65576358761396,65.29459254032,191.4537272505
66,4B,43.06213655600514,66.72724846414,195.76578383252
55,4B,37.99942188672783,63.81086467822,187.07122661568002
72,4B,44.67582643387345,67.25381775882,197.26271995451998
62,4B,32.04974407280192,60.955238887840004,178.44711345164
67,4B,49.4015738207389,70.0566105096,205.80758355916
65,4B,41.79982463170221,66.2482289051,194.32960570606
51,4B,24.96626068558905,56.64406285648,165.47572167918
52,4B,48.52777270700692,69.59696306508,204.37668873666001
70,4B,62.88588175025787,76.27241761854,225.15328155936
58,4B,68.53530562937132,77.78520365242,230.1275122377
54,4B,72.18199150697774,79.41862512672,235.23646716701998
60,4B,66.28196481426471,77.78872585506,230.10902067383998
69,4B,78.91653989498795,80.06582986182,237.12084557942
64,4B,76.68924395001409,80.24282054448,237.81648060082
53,4B,83.68745012170508,80.76586763652,239.37681637033998
71,4B,92.80552766113924,80.61793512564,239.10648731772002
57,4B,96.06965530003521,80.24810384844001,238.07184029222
59,4B,88.133547294207,80.69982633702,239.2236005555
68,4B,99.43271158727453,79.95135827602,237.27670304624
49,4B,90.16070599465891,80.40572241658,238.37827192190002
63,4B,89.40064788168331,80.20319576478,237.74515599736
56,4B,97.35951955445772,80.7508982753,239.5802235728
6,4C,46.3635318494223,65.56492159294001,185.3911359564
3,4C,24.242197867226498,54.26481497316,151.37194175796
8,4C,50.160559319160214,67.29872584248,190.595190357
14,4C,36.79247353414591,60.29218424086,169.63015969306002
7,4C,30.2679967553417,57.66902382472,161.77740890718002
23,4C,25.729264499712833,55.09693534686,153.99686327542
16,4C,52.61910704361106,68.5904936607,194.52068519928
1,4C,26.73610930579409,55.518719113,155.27454228308002
10,4C,47.298603876825425,65.56492159294001,185.3911359564
18,4C,20.613020774068723,52.63315460018,146.26738958194
5,4C,55.38209648966782,69.28700923276,196.9527661222
12,4C,60.130445568323374,70.91690850442001,202.39544975166
19,4C,56.651224205523924,70.14114337296,199.5856125956
4,4C,57.52080893037483,70.2327206416,199.99154644986
20,4C,67.07761029932936,73.28647033048,210.04831553772001
24,4C,65.16954151678632,72.45434995678,207.4797492625
22,4C,69.15282532294651,73.63692949316,211.24146168201997
17,4C,80.14939214240297,75.66924041644,217.37097482628
11,4C,82.84306625655117,76.24512054808,218.93395224777998
9,4C,93.55385447083869,76.12448510766,218.67507035373998
21,4C,84.82732133454859,75.88409477748,217.65363158814
2,4C,91.86860553511558,76.30499799296,219.2923363664
15,4C,94.58220130333002,75.68068757502,217.32430564130001
13,4C,82.1331461559783,76.37368094444001,219.35749711524
47,4C,22.145675066700694,53.03644680246,147.53009922838
43,4C,39.33718880720981,61.1674515969,172.24363405194
36,4C,44.27167767074826,63.831117343399995,180.16418723864
46,4C,34.4164873175397,59.38257540908,166.9303913695
41,4C,36.204628513626815,59.38257540908,166.9303913695
40,4C,29.048323831633446,56.80168142462001,159.14456243378
28,4C,33.19338673533406,58.5213968636,164.36534729692
30,4C,22.592969722795385,53.4582305686,148.85092521838
31,4C,51.73605237623497,68.16254603994,193.23772288766003
29,4C,28.020000791328354,55.96075554432,156.61121818496
37,4C,64.21641179053988,72.23509284244001,206.59567639986
33,4C,59.562848899949714,70.65186275576,201.30532803458001
27,4C,62.10569299094057,71.77280374594001,205.03798228232
26,4C,54.35777922933494,69.01932183212,195.84591394258
45,4C,58.0706983892607,70.2327206416,199.99154644986
38,4C,70.62022660029666,73.85530605684,212.12289289268
34,4C,73.58714705889064,74.66277101205999,214.71435348506
48,4C,73.24169807993478,74.66277101205999,214.71435348506
39,4C,75.32869347485683,74.86089491055999,215.24004222908002
25,4C,77.9155572780494,75.41388072504,216.77572258012
32,4C,76.47092054410943,75.55476883064,217.21599791012002
42,4C,98.03822394277893,75.95277772896,218.24888383430002
35,4C,87.24527470644377,76.39745581226,219.44995493454002
44,4C,86.63011610267051,76.39745581226,219.44995493454002
55,4C,37.99942188672783,60.71749020964,170.90607759940002
65,4C,41.79982463170221,62.9417611768,177.51196865072
72,4C,44.67582643387345,63.831117343399995,180.16418723864
51,4C,24.96626068558905,54.26481497316,151.37194175796
67,4C,49.4015738207389,66.42698068908,188.0107741699
66,4C,43.06213655600514,63.38291705746,178.81606417818
61,4C,40.65576358761396,62.0435995036,174.84742235356
52,4C,48.52777270700692,65.99110811237999,186.67233716669998
50,4C,34.615840024922576,59.38257540908,166.9303913695
62,4C,32.04974407280192,58.1031353001,163.0735794787
70,4C,62.88588175025787,71.86702266656,205.44479668724
60,4C,66.28196481426471,73.28647033048,210.04831553772001
58,4C,68.53530562937132,73.2706204186,210.09234307072
54,4C,72.18199150697774,74.67333761998,214.66592319876003
64,4C,76.68924395001409,75.55476883064,217.21599791012002
49,4C,90.16070599465891,75.87881147352,217.96446597112
69,4C,78.91653989498795,75.52835231084,216.76075321890002
63,4C,89.40064788168331,75.77314539432,217.45902989228
59,4C,88.133547294207,76.21782347762,218.83092782056
53,4C,83.68745012170508,76.24512054808,218.93395224777998
71,4C,92.80552766113924,76.12448510766,218.67507035373998
56,4C,97.35951955445772,76.15090162746,218.95420491296
68,4C,99.43271158727453,75.50809964566,216.91573013506
57,4C,96.06965530003521,75.7405650199,217.6369011256
10,5A,47.298603876825425,84.66142375636001,212.83173617398003
8,5A,50.160559319160214,86.4216445257,218.07893755691998
24,5A,65.16954151678632,91.62834057827999,235.20740899524
14,5A,36.79247353414591,79.2319483868,196.76873103426001
7,5A,30.2679967553417,76.54362722182,188.75043672430002
16,5A,52.61910704361106,87.77505089012,222.10657627576
1,5A,26.73610930579409,74.27708982298,181.98956875682
23,5A,25.729264499712833,73.85266440486001,180.71893415444
6,5A,46.3635318494223,84.66142375636001,212.83173617398003
12,5A,60.130445568323374,90.07240756206,230.05354598226
4,5A,57.52080893037483,89.40847236442,227.63291221792
5,5A,55.38209648966782,88.4425082904,224.53513499604
19,5A,56.651224205523924,89.32482005172,227.22345616101998
18,5A,20.613020774068723,71.26560656578,172.67862607798
20,5A,67.07761029932936,92.50360793432,237.84201656996
22,5A,69.15282532294651,92.88664747141999,239.07214584198002
3,5A,24.242197867226498,73.00733577126,178.02356858418
11,5A,82.84306625655117,95.78894244678,247.07547079072
17,5A,80.14939214240297,95.14790156629999,245.45437702566002
13,5A,82.1331461559783,95.89725017795999,247.48140464498002
21,5A,84.82732133454859,95.36451702866,245.6516203735
9,5A,93.55385447083869,95.5265383501,246.56034865462001
15,5A,94.58220130333002,95.02198282191999,245.11976777486
2,5A,91.86860553511558,95.6806347156,247.14767594484
36,5A,44.27167767074826,82.86333930864,207.49824082636002
45,5A,58.0706983892607,89.40847236442,227.63291221792
43,5A,39.33718880720981,80.12482675604001,199.42711347680003
28,5A,33.19338673533406,77.43650559106,191.42202742674
37,5A,64.21641179053988,91.43990273704,234.34094714580002
26,5A,54.35777922933494,88.22060952408,223.46438539348003
33,5A,59.562848899949714,89.84786714376,228.98367693036002
46,5A,34.4164873175397,78.31089239644001,194.01436856978
41,5A,36.204628513626815,78.31089239644001,194.01436856978
40,5A,29.048323831633446,75.62873508608,185.99343260784
31,5A,51.73605237623497,87.34886437068,220.82801671744002
27,5A,62.10569299094057,90.97585253922001,232.77180586968
47,5A,22.145675066700694,71.71556795304001,174.02234638514
38,5A,70.62022660029666,93.08036861661999,239.94565209669997
29,5A,28.020000791328354,74.75698993268,183.39933036348003
30,5A,22.592969722795385,72.16024603634,175.40745257332
34,5A,73.58714705889064,93.96532202991999,242.66038978148003
48,5A,73.24169807993478,93.96532202991999,242.66038978148003
39,5A,75.32869347485683,94.21539841736,243.22042000124
25,5A,77.9155572780494,94.85203654454001,244.837111013
32,5A,76.47092054410943,94.97091088364,245.26065588046
35,5A,87.24527470644377,95.85498374628,247.4303327067
44,5A,86.63011610267051,95.85498374628,247.4303327067
42,5A,98.03822394277893,95.33457830622001,246.10862616604
55,5A,37.99942188672783,79.65637380492001,198.04729059258003
52,5A,48.52777270700692,85.09817688372,214.12526509352
67,5A,49.4015738207389,85.55342157494,215.50332687642
66,5A,43.06213655600514,82.39928911081999,206.1148957395
65,5A,41.79982463170221,81.95196937554,204.80727800940002
72,5A,44.67582643387345,82.86333930864,207.49824082636002
50,5A,34.615840024922576,78.31089239644001,194.01436856978
70,5A,62.88588175025787,91.05686319994,233.169814768
62,5A,32.04974407280192,76.97245539324,190.03516013723998
51,5A,24.96626068558905,73.00733577126,178.02356858418
61,5A,40.65576358761396,81.01330237198,202.04322948766003
54,5A,72.18199150697774,93.96620258058002,242.59963178594
60,5A,66.28196481426471,92.50360793432,237.84201656996
58,5A,68.53530562937132,92.49480242772,237.8851635523
53,5A,83.68745012170508,95.78894244678,247.07547079072
69,5A,78.91653989498795,95.02374392324,244.83534991168
64,5A,76.68924395001409,94.97091088364,245.26065588046
68,5A,99.43271158727453,94.86260315246,244.73144493380002
59,5A,88.133547294207,95.69472352616,246.82363330196
49,5A,90.16070599465891,95.25885094946,245.8321332588
56,5A,97.35951955445772,95.51068843822,246.79897788348003
57,5A,96.06965530003521,95.05632429766,245.41299114464
71,5A,92.80552766113924,95.5265383501,246.56034865462001
63,5A,89.40064788168331,95.17255698478,245.32669717996
14,5B,36.79247353414591,68.88723923312,189.76659218594003
6,5B,46.3635318494223,74.1996013649,205.87186375733998
12,5B,60.130445568323374,79.75499547884,223.42388006312
10,5B,47.298603876825425,74.1996013649,205.87186375733998
1,5B,26.73610930579409,63.93942507458,174.90113594382
3,5B,24.242197867226498,62.650298908340005,170.89022768752
7,5B,30.2679967553417,66.19011256154,181.66992886724
16,5B,52.61910704361106,77.29649803612,215.26205599558
18,5B,20.613020774068723,60.951716685200005,165.56289619452
4,5B,57.52080893037483,79.01445237378,220.91078847948003
5,5B,55.38209648966782,78.0388022425,217.79187804176001
23,5B,25.729264499712833,63.50443304854001,173.58647380844
19,5B,56.651224205523924,78.91318904788,220.49340746664
8,5B,50.160559319160214,75.97038874216,211.23617837806
20,5B,67.07761029932936,82.23374558674,231.32506113530002
22,5B,69.15282532294651,82.57980199612001,232.50852122234
24,5B,65.16954151678632,81.36023933202,228.65963428748003
13,5B,82.1331461559783,85.47241091421999,240.8394110166
17,5B,80.14939214240297,84.73715111312,238.78860852946
11,5B,82.84306625655117,85.29277857958,240.34013879238
15,5B,94.58220130333002,84.67639311758,238.53500993938
2,5B,91.86860553511558,85.38699750020001,240.63424271282
21,5B,84.82732133454859,84.91326124512001,238.94974930024
9,5B,93.55385447083869,85.1536515753,239.94829374868002
47,5B,22.145675066700694,61.37085879936,166.88900548848
28,5B,33.19338673533406,67.0715437722,184.34768342430002
36,5B,44.27167767074826,72.46403601404,200.55245722028
38,5B,70.62022660029666,82.8334005862,233.44102437128
27,5B,62.10569299094057,80.6320239362,226.13509554526001
46,5B,34.4164873175397,67.94857222956,186.99902146155998
29,5B,28.020000791328354,64.41051967768,176.28360048002
26,5B,54.35777922933494,77.72796785952,216.62074566396
45,5B,58.0706983892607,79.01445237378,220.91078847948003
43,5B,39.33718880720981,69.79068421028,192.46371885751998
31,5B,51.73605237623497,76.86414766205999,213.94475220822002
40,5B,29.048323831633446,65.26113161524,178.89619428824003
41,5B,36.204628513626815,67.94857222956,186.99902146155998
30,5B,22.592969722795385,61.8058508254,168.24857570752002
33,5B,59.562848899949714,79.44239999454001,222.25715043862002
48,5B,73.24169807993478,83.69017637838,236.13110663758002
37,5B,64.21641179053988,81.1075212926,227.72713113854002
25,5B,77.9155572780494,84.4800303204,238.19952013792
39,5B,75.32869347485683,83.93320836054001,236.67176474282
34,5B,73.58714705889064,83.69017637838,236.13110663758002
42,5B,98.03822394277893,84.9687359367,239.53443493848002
32,5B,76.47092054410943,84.6561404524,238.70231456478
35,5B,87.24527470644377,85.50499128864,240.8482165232
44,5B,86.63011610267051,85.50499128864,240.8482165232
55,5B,37.99942188672783,69.33103676576,191.09446258122
66,5B,43.06213655600514,72.0246412347,199.19288700124
51,5B,24.96626068558905,62.650298908340005,170.89022768752
61,5B,40.65576358761396,70.66947376896,195.11417634412
50,5B,34.615840024922576,67.94857222956,186.99902146155998
65,5B,41.79982463170221,71.5799631514,197.85797220068
72,5B,44.67582643387345,72.46403601404,200.55245722028
67,5B,49.4015738207389,75.07839092358,208.56458767562
52,5B,48.52777270700692,74.64515999886001,207.2067785579
62,5B,32.04974407280192,66.63302954352001,182.99691871186002
70,5B,62.88588175025787,80.73416781276,226.55247655809998
60,5B,66.28196481426471,82.23374558674,231.32506113530002
54,5B,72.18199150697774,83.7183539995,236.11701782702
58,5B,68.53530562937132,82.19764300968001,231.32241948332
64,5B,76.68924395001409,84.6561404524,238.70231456478
53,5B,83.68745012170508,85.29277857958,240.34013879238
49,5B,90.16070599465891,84.91414179578001,239.22712275814
63,5B,89.40064788168331,84.78293974744001,238.68822575422
69,5B,78.91653989498795,84.5680853864,238.13347883842
68,5B,99.43271158727453,84.48179142172,238.12907608512
56,5B,97.35951955445772,85.21000681754,240.29699181004
57,5B,96.06965530003521,84.75035937302,238.88282745008001
71,5B,92.80552766113924,85.1536515753,239.94829374868002
59,5B,88.133547294207,85.26195930648,240.14905929916003
4,6A,57.52080893037483,97.44349713691999,230.88478580530003
8,6A,50.160559319160214,94.6415849368,221.83184446983998
12,6A,60.130445568323374,98.03786883241999,233.17245641998002
16,6A,52.61910704361106,95.95712762284,225.67897030338
19,6A,56.651224205523924,97.37569473609999,230.49910461622002
6,6A,46.3635318494223,92.96589703082,216.83736112632
5,6A,55.38209648966782,96.5391716091,227.9525521075
7,6A,30.2679967553417,85.20560406424,193.9192690985
14,6A,36.79247353414591,87.77681199144,201.55628497268
20,6A,67.07761029932936,100.32641999776,240.57788747058
10,6A,47.298603876825425,92.96589703082,216.83736112632
24,6A,65.16954151678632,99.50134402934,238.09297350806
3,6A,24.242197867226498,81.86743651218,183.73305906362
22,6A,69.15282532294651,100.68480411638001,241.73933379112003
1,6A,26.73610930579409,83.07467146704,187.53703791482
23,6A,25.729264499712833,82.64232109298,186.27168661640002
18,6A,20.613020774068723,80.2269706326,178.68750378182
13,6A,82.1331461559783,103.68395966434001,249.82366940058
17,6A,80.14939214240297,102.92932774872001,247.86356363142
21,6A,84.82732133454859,103.1829263388,248.08370129642
15,6A,94.58220130333002,102.80957285896,247.56329585636
11,6A,82.84306625655117,103.5923823957,249.44151041414
9,6A,93.55385447083869,103.31765058978,248.95720755114
2,6A,91.86860553511558,103.4602997967,249.54189318937998
31,6A,51.73605237623497,95.53446330604001,224.44267717674
45,6A,58.0706983892607,97.44349713691999,230.88478580530003
33,6A,59.562848899949714,97.86175870042,232.1659870156
26,6A,54.35777922933494,96.36306147709999,226.93815774718001
36,6A,44.27167767074826,91.21800397072,211.7196006904
43,6A,39.33718880720981,88.62918503032,204.08434591754002
27,6A,62.10569299094057,98.91313618846,235.77360306962
37,6A,64.21641179053988,99.34196435988001,237.26261423568002
28,6A,33.19338673533406,86.07999086962,196.48959647504
34,6A,73.58714705889064,101.70888453396,245.17083971314
48,6A,73.24169807993478,101.70888453396,245.17083971314
41,6A,36.204628513626815,86.93324445916,198.98947979878
46,6A,34.4164873175397,86.93324445916,198.98947979878
30,6A,22.592969722795385,81.03619668914,181.22348968262003
29,6A,28.020000791328354,83.52111065166,188.8605055568
40,6A,29.048323831633446,84.35499212668,191.33749456337998
47,6A,22.145675066700694,80.6276211829,179.93612461770002
38,6A,70.62022660029666,100.8450643365,242.56617086086
39,6A,75.32869347485683,101.98361633988,245.72998938224
25,6A,77.9155572780494,102.61409061244,247.25334202404
32,6A,76.47092054410943,102.716234489,247.65575367566
44,6A,86.63011610267051,103.61615726352001,249.75234479712003
35,6A,87.24527470644377,103.61615726352001,249.75234479712003
42,6A,98.03822394277893,103.10279622874,248.50284341058003
52,6A,48.52777270700692,93.36742813177999,218.05692379042
70,6A,62.88588175025787,98.98005803862,236.15664260672
55,6A,37.99942188672783,88.17041813646,202.75735607292
72,6A,44.67582643387345,91.21800397072,211.7196006904
67,6A,49.4015738207389,93.78833134726,219.33812500072
58,6A,68.53530562937132,100.32201724446,240.6324816115
62,6A,32.04974407280192,85.63179058368,195.16700938372
66,6A,43.06213655600514,90.80590626184001,210.45248829066003
60,6A,66.28196481426471,100.32641999776,240.57788747058
65,6A,41.79982463170221,90.37003368514,209.1968230495
54,6A,72.18199150697774,101.70712343264,245.10832061628
64,6A,76.68924395001409,102.716234489,247.65575367566
61,6A,40.65576358761396,89.49124412646,206.60007915316
50,6A,34.615840024922576,86.93324445916,198.98947979878
53,6A,83.68745012170508,103.5923823957,249.44151041414
51,6A,24.96626068558905,81.86743651218,183.73305906362
63,6A,89.40064788168331,102.98304133898,247.77374746409998
71,6A,92.80552766113924,103.31765058978,248.95720755114
69,6A,78.91653989498795,102.83158662545999,247.27975854384
68,6A,99.43271158727453,102.64931263884,247.19874788312
49,6A,90.16070599465891,103.04467988518,248.25276702314
56,6A,97.35951955445772,103.26129534754001,249.16765915887999
57,6A,96.06965530003521,102.82366166952,247.83890821294003
59,6A,88.133547294207,103.4735080566,249.16765915887999
16,6B,52.61910704361106,85.63619333698,217.85175548664
6,6B,46.3635318494223,82.63175448506,208.95379106733998
3,6B,24.242197867226498,71.51832460520001,175.92785801338002
5,6B,55.38209648966782,86.3291867064,220.27591145362
14,6B,36.79247353414591,77.4268195338,193.64453729258003
19,6B,56.651224205523924,87.16923203604,222.83038891828
10,6B,47.298603876825425,82.63175448506,208.95379106733998
24,6B,65.16954151678632,89.48243861986,230.64351492446
12,6B,60.130445568323374,87.93795276222,225.63582332104002
4,6B,57.52080893037483,87.26080930468001,223.24072552584
8,6B,50.160559319160214,84.34002276545999,214.01255460904
1,6B,26.73610930579409,72.7466927759,179.71158419940002
23,6B,25.729264499712833,72.29585083798,178.4083692226
18,6B,20.613020774068723,69.89282808684,170.84972235716
7,6B,30.2679967553417,74.87850592376,186.05507115404
22,6B,69.15282532294651,90.66501815624001,234.29427796082
20,6B,67.07761029932936,90.32072284818,233.1566065081
17,6B,80.14939214240297,92.81796451993999,240.35422760294003
13,6B,82.1331461559783,93.5408966118,242.2967223589
15,6B,94.58220130333002,92.59254355098,239.94741319801997
11,6B,82.84306625655117,93.40793346214,241.85380537692
9,6B,93.55385447083869,93.08301026859999,241.314908373
21,6B,84.82732133454859,92.9817469427,240.4915935059
2,6B,91.86860553511558,93.26880645786001,241.95506870282
45,6B,58.0706983892607,87.26080930468001,223.24072552584
43,6B,39.33718880720981,78.30120633918,196.20782026383998
36,6B,44.27167767074826,80.9049946408,203.84923889132
28,6B,33.19338673533406,75.71943180406,188.57784879494002
31,6B,51.73605237623497,85.21352902018,216.60049299878
46,6B,34.4164873175397,76.56211878568,191.08301542264
26,6B,54.35777922933494,86.05533545114,219.13295669694003
30,6B,22.592969722795385,70.71174020064,173.40243872050002
27,6B,62.10569299094057,88.81586177024,228.24225327464
33,6B,59.562848899949714,87.67466811487999,224.51664343218002
41,6B,36.204628513626815,76.56211878568,191.08301542264
47,6B,22.145675066700694,70.30140359308,172.12387916218
29,6B,28.020000791328354,73.18872920721999,181.00159091630002
48,6B,73.24169807993478,91.70759013768,237.75043930132
37,6B,64.21641179053988,89.2746286641,229.76384481512002
40,6B,29.048323831633446,74.02437178356,183.50059368938
34,6B,73.58714705889064,91.70759013768,237.75043930132
38,6B,70.62022660029666,90.87106701068001,235.17658972214
32,6B,76.47092054410943,92.67267366104001,240.20893674404002
39,6B,75.32869347485683,91.9647109304,238.29990291316003
25,6B,77.9155572780494,92.52738280214,239.74840874886002
44,6B,86.63011610267051,93.44667769118,242.2086672929
35,6B,87.24527470644377,93.44667769118,242.2086672929
42,6B,98.03822394277893,92.88048361679999,240.89136350554
60,6B,66.28196481426471,90.32072284818,233.1566065081
65,6B,41.79982463170221,80.0376522407,201.29211977468
53,6B,83.68745012170508,93.40793346214,241.85380537692
52,6B,48.52777270700692,83.05706045384001,210.21033685916
55,6B,37.99942188672783,77.86445321182,194.92485795222
67,6B,49.4015738207389,83.48236642262,211.49946302540002
66,6B,43.06213655600514,80.46736096278,202.5574710731
59,6B,88.133547294207,93.24679269136,241.5482542979
70,6B,62.88588175025787,88.90567793756,228.64906767955998
49,6B,90.16070599465891,92.84261993841999,240.6368843648
72,6B,44.67582643387345,80.9049946408,203.84923889132
54,6B,72.18199150697774,91.72344004956001,237.70817286964
61,6B,40.65576358761396,79.15622103004,198.71034523955998
62,6B,32.04974407280192,75.29676748726,187.30457254058
50,6B,34.615840024922576,76.56211878568,191.08301542264
51,6B,24.96626068558905,71.51832460520001,175.92785801338002
69,6B,78.91653989498795,92.69204577556,239.74400599556
58,6B,68.53530562937132,90.30135073366,233.18566467987998
57,6B,96.06965530003521,92.633929432,240.24680042242
68,6B,99.43271158727453,92.42171672293999,239.57670137016
56,6B,97.35951955445772,93.08565192058,241.61253449608
71,6B,92.80552766113924,93.08301026859999,241.314908373
64,6B,76.68924395001409,92.67267366104001,240.20893674404002
63,6B,89.40064788168331,92.75104266977999,240.14465654586002
16,7A,52.61910704361106,104.81722836376,232.7031229182
10,7A,47.298603876825425,101.89556127388,224.21373400514
24,7A,65.16954151678632,108.1800513343,244.58703462556
19,7A,56.651224205523924,106.17944023477999,237.33658049112003
5,7A,55.38209648966782,105.36140867163999,234.88072470038
4,7A,57.52080893037483,106.23755657834,237.704650667
6,7A,46.3635318494223,101.89556127388,224.21373400514
20,7A,67.07761029932936,108.98927739084,246.97949076878
8,7A,50.160559319160214,103.54307155874001,229.00569069686
12,7A,60.130445568323374,106.77028972764,239.85847758136
22,7A,69.15282532294651,109.35910866804001,248.12244552546
14,7A,36.79247353414591,96.86409480264,209.58954864386
3,7A,24.242197867226498,91.17221533640001,192.57907099398003
18,7A,20.613020774068723,89.6136406682,187.81529192338
7,7A,30.2679967553417,94.3818224921,202.2933058751
11,7A,82.84306625655117,112.314236683,255.63970650988
1,7A,26.73610930579409,92.3301394543,196.19637310526002
13,7A,82.1331461559783,112.39612789438,256.00513503378
23,7A,25.729264499712833,91.9074751375,195.00146585964
21,7A,84.82732133454859,111.88628906224001,254.28013629083998
17,7A,80.14939214240297,111.63621267479999,254.1005039562
15,7A,94.58220130333002,111.48299685996,253.6954506526
2,7A,91.86860553511558,112.12491829109999,255.62649824998002
9,7A,93.55385447083869,112.00692450266,255.0823179421
33,7A,59.562848899949714,106.634684926,238.92597443242
45,7A,58.0706983892607,106.23755657834,237.704650667
27,7A,62.10569299094057,107.64027377972,242.38565797555998
31,7A,51.73605237623497,104.41657781346,231.53110998974
38,7A,70.62022660029666,109.48590796308001,248.8964495556
28,7A,33.19338673533406,95.23947883493999,204.76501157772
36,7A,44.27167767074826,100.24012603308002,219.37510812844002
26,7A,54.35777922933494,105.22404276868001,233.93061053824
41,7A,36.204628513626815,96.03901883422,207.10375413068002
37,7A,64.21641179053988,108.05237148859999,243.81479169674
40,7A,29.048323831633446,93.56467147961999,199.81631686851998
46,7A,34.4164873175397,96.03901883422,207.10375413068002
48,7A,73.24169807993478,110.33035604602,251.40689948726
43,7A,39.33718880720981,97.6926929737,212.01722681348002
34,7A,73.58714705889064,110.33035604602,251.40689948726
30,7A,22.592969722795385,90.36915313448,190.19189815472
47,7A,22.145675066700694,89.98523304672,188.96441053468
29,7A,28.020000791328354,92.76248982836,197.47317156226
39,7A,75.32869347485683,110.63062382108001,251.969571359
44,7A,86.63011610267051,112.29134236584001,255.8748135361
32,7A,76.47092054410943,111.37909188208,253.85571087272
25,7A,77.9155572780494,111.28927571476,253.47619353826002
35,7A,87.24527470644377,112.29134236584001,255.8748135361
42,7A,98.03822394277893,111.75772866588001,254.5715985593
52,7A,48.52777270700692,102.31030063474002,225.40247739614
70,7A,62.88588175025787,107.69486792064,242.75548925276001
72,7A,44.67582643387345,100.24012603308002,219.37510812844002
66,7A,43.06213655600514,99.82098391891999,218.12296508992
50,7A,34.615840024922576,96.03901883422,207.10375413068002
55,7A,37.99942188672783,97.26210370096,210.75715881902
67,7A,49.4015738207389,102.7206372423,226.64141217476
58,7A,68.53530562937132,108.98399408688,247.03320435904
65,7A,41.79982463170221,99.39303629816,216.91749123638
54,7A,72.18199150697774,110.32771439404,251.33821653578
61,7A,40.65576358761396,98.54682711390001,214.42465231792
60,7A,66.28196481426471,108.98927739084,246.97949076878
51,7A,24.96626068558905,91.17221533640001,192.57907099398003
62,7A,32.04974407280192,94.79920350494,203.48997422204002
53,7A,83.68745012170508,112.314236683,255.63970650988
64,7A,76.68924395001409,111.37909188208,253.85571087272
69,7A,78.91653989498795,111.55960476738001,253.55104034436002
63,7A,89.40064788168331,111.67231525186,253.94640759069998
49,7A,90.16070599465891,111.70577617693999,254.37171355948
56,7A,97.35951955445772,111.89861677148,255.2055950345
59,7A,88.133547294207,112.16542362146,255.32006662030003
71,7A,92.80552766113924,112.00692450266,255.0823179421
68,7A,99.43271158727453,111.29896177202001,253.28159184240002
57,7A,96.06965530003521,111.47419135336,253.93584098278
12,8A,60.130445568323374,146.67684563884,281.71721430578
8,8A,50.160559319160214,143.70322606002,271.46584352205997
6,8A,46.3635318494223,142.09357945354,266.8816967861
4,8A,57.52080893037483,146.23833141016001,279.71836430758003
24,8A,65.16954151678632,148.0469824658,286.28991388316
19,8A,56.651224205523924,146.20487048508002,279.38023285414
20,8A,67.07761029932936,148.80777823604,288.54588467408
5,8A,55.38209648966782,145.41941929636002,277.04677360514
16,8A,52.61910704361106,144.99675497956002,275.06993737344004
10,8A,47.298603876825425,142.09357945354,266.8816967861
22,8A,69.15282532294651,149.1916983238,289.67827282284
14,8A,36.79247353414591,136.97934122025998,252.64407316455998
23,8A,25.729264499712833,132.01479659918002,238.5896040803
11,8A,82.84306625655117,152.4057082328,297.28006667062004
1,8A,26.73610930579409,132.50438276614,239.85231372674
17,8A,80.14939214240297,151.64491246256,295.69947823591997
13,8A,82.1331461559783,152.43388585392,297.57681224304
2,8A,91.86860553511558,152.12129036962,297.18672830066004
21,8A,84.82732133454859,151.95398574422,295.93810746478
3,8A,24.242197867226498,131.33325038834,236.36093035983998
7,8A,30.2679967553417,134.50587441632,245.6340093603
15,8A,94.58220130333002,151.46175792527998,295.27505281780003
9,8A,93.55385447083869,152.04996576616,296.70242543766
18,8A,20.613020774068723,129.71039552196,231.64822322752
41,8A,36.204628513626815,136.21062049408002,250.34583594196
28,8A,33.19338673533406,135.38290287368,248.04847927001998
48,8A,73.24169807993478,150.12772367538,292.86410511072
27,8A,62.10569299094057,147.58733502127998,284.21621707886
39,8A,75.32869347485683,150.53982138426,293.54300966958
31,8A,51.73605237623497,144.63132645566,273.9789351057
25,8A,77.9155572780494,151.2477841149,295.04258744355997
37,8A,64.21641179053988,147.97477731168001,285.58019005119996
45,8A,58.0706983892607,146.23833141016001,279.71836430758003
29,8A,28.020000791328354,132.96050800802,241.09124850536
34,8A,73.58714705889064,150.12772367538,292.86410511072
33,8A,59.562848899949714,146.6248931499,280.8824522801
38,8A,70.62022660029666,149.24981466736,290.3703856416
26,8A,54.35777922933494,145.378913966,276.22610039002
36,8A,44.27167767074826,140.3553724507,262.09326229702
43,8A,39.33718880720981,137.78768672614,254.96520470432
35,8A,87.24527470644377,152.30356435624,297.43416303612
46,8A,34.4164873175397,136.21062049408002,250.34583594196
32,8A,76.47092054410943,151.28124503998,295.34725797192
47,8A,22.145675066700694,130.10752386962,232.82111670664
40,8A,29.048323831633446,133.76004800729999,243.36306920816003
42,8A,98.03822394277893,151.80429213202,296.21636147334
44,8A,86.63011610267051,152.30356435624,297.43416303612
30,8A,22.592969722795385,130.46502743758,233.95174375408
70,8A,62.88588175025787,147.62343759834,284.56051238692
60,8A,66.28196481426471,148.80777823604,288.54588467408
67,8A,49.4015738207389,142.87903064226,269.16672574880005
52,8A,48.52777270700692,142.49334945318,268.01232383354
72,8A,44.67582643387345,140.3553724507,262.09326229702
58,8A,68.53530562937132,148.82715035056,288.63834249338
66,8A,43.06213655600514,139.95296079908002,260.91332441262
65,8A,41.79982463170221,139.53469923558,259.75804194669996
54,8A,72.18199150697774,150.10218770624002,292.76372233548
61,8A,40.65576358761396,138.72547317904,257.4157771911
55,8A,37.99942188672783,137.37999177056,253.78086406662
50,8A,34.615840024922576,136.21062049408002,250.34583594196
51,8A,24.96626068558905,131.33325038834,236.36093035983998
62,8A,32.04974407280192,134.900361112,246.76463640774
69,8A,78.91653989498795,151.62465979738002,295.22398087952
53,8A,83.68745012170508,152.4057082328,297.28006667062004
71,8A,92.80552766113924,152.04996576616,296.70242543766
49,8A,90.16070599465891,151.74881744044,296.0279236321
59,8A,88.133547294207,152.23312030344,296.95514347708
63,8A,89.40064788168331,151.77611451090002,295.67746446942
64,8A,76.68924395001409,151.28124503998,295.34725797192
68,8A,99.43271158727453,151.40804433502,295.0637206594
56,8A,97.35951955445772,151.88882499538002,296.7807944464
57,8A,96.06965530003521,151.40188048040002,295.4511629498
